{
    "version": "1.1.0",
    "created": "2025-09-18T02:13:51.442846Z",
    "plugin": "TuneBridge",
    "status": "baseline",
    "structure": [
        "CHANGELOG.md",
        "__MACOSX/._CHANGELOG.md",
        "__MACOSX/._assets",
        "__MACOSX/._includes",
        "__MACOSX/._languages",
        "__MACOSX/._readme.txt",
        "__MACOSX/._templates",
        "__MACOSX/._tools",
        "__MACOSX/._tunebridge.php",
        "__MACOSX/._uninstall.php",
        "__MACOSX/assets/._css",
        "__MACOSX/assets/._js",
        "__MACOSX/assets/css/._admin.css",
        "__MACOSX/assets/js/._admin",
        "__MACOSX/assets/js/._admin.js",
        "__MACOSX/assets/js/admin/._playlist-search.js",
        "__MACOSX/includes/._admin",
        "__MACOSX/includes/._ajax",
        "__MACOSX/includes/._cli",
        "__MACOSX/includes/._core",
        "__MACOSX/includes/._data",
        "__MACOSX/includes/._helpers",
        "__MACOSX/includes/._models",
        "__MACOSX/includes/._providers",
        "__MACOSX/includes/._rest",
        "__MACOSX/includes/._shortcodes",
        "__MACOSX/includes/admin/._Admin.php",
        "__MACOSX/includes/admin/._Blocks",
        "__MACOSX/includes/admin/._Contacts.php",
        "__MACOSX/includes/admin/._ContactsTable.php",
        "__MACOSX/includes/admin/._Dashboard.php",
        "__MACOSX/includes/admin/._Messaging.php",
        "__MACOSX/includes/admin/._Settings.php",
        "__MACOSX/includes/admin/._pages",
        "__MACOSX/includes/admin/Blocks/._BlockManager.php",
        "__MACOSX/includes/admin/pages/._Contacts_Page.php",
        "__MACOSX/includes/admin/pages/._Dashboard_Page.php",
        "__MACOSX/includes/admin/pages/._Messaging_Page.php",
        "__MACOSX/includes/admin/pages/._Settings_Page.php",
        "__MACOSX/includes/admin/pages/._dashboard",
        "__MACOSX/includes/admin/pages/dashboard/._block-contact-today.php",
        "__MACOSX/includes/admin/pages/dashboard/._block-featured-playlists.php",
        "__MACOSX/includes/admin/pages/dashboard/._block-notes.php",
        "__MACOSX/includes/admin/pages/dashboard/._block-search-artists.php",
        "__MACOSX/includes/admin/pages/dashboard/._block-search-playlists.php",
        "__MACOSX/includes/ajax/._Playlist_Search_Ajax.php",
        "__MACOSX/includes/cli/._CLI_Version_Command.php",
        "__MACOSX/includes/core/._Autoloader.php",
        "__MACOSX/includes/core/._Plugin.php",
        "__MACOSX/includes/core/._Roles.php",
        "__MACOSX/includes/core/._Services.php",
        "__MACOSX/includes/data/._Mock_Data.php",
        "__MACOSX/includes/helpers/._functions.php",
        "__MACOSX/includes/providers/._ProviderInterface.php",
        "__MACOSX/includes/providers/._Spotify_Provider.php",
        "__MACOSX/includes/rest/._ContactsEndpoint.php",
        "__MACOSX/includes/shortcodes/._DashboardShortcode.php",
        "__MACOSX/languages/._tunebridge.pot",
        "__MACOSX/templates/._contacts",
        "__MACOSX/templates/._dashboard.php",
        "__MACOSX/templates/contacts/._list.php",
        "__MACOSX/templates/contacts/._meta-box.php",
        "__MACOSX/tools/._class-cli.php",
        "assets/css/admin.css",
        "assets/js/admin.js",
        "assets/js/admin/playlist-search.js",
        "includes/admin/Admin.php",
        "includes/admin/Blocks/BlockManager.php",
        "includes/admin/Contacts.php",
        "includes/admin/ContactsTable.php",
        "includes/admin/Dashboard.php",
        "includes/admin/Messaging.php",
        "includes/admin/Settings.php",
        "includes/admin/pages/Contacts_Page.php",
        "includes/admin/pages/Dashboard_Page.php",
        "includes/admin/pages/Messaging_Page.php",
        "includes/admin/pages/Settings_Page.php",
        "includes/admin/pages/dashboard/block-contact-today.php",
        "includes/admin/pages/dashboard/block-featured-playlists.php",
        "includes/admin/pages/dashboard/block-notes.php",
        "includes/admin/pages/dashboard/block-search-artists.php",
        "includes/admin/pages/dashboard/block-search-playlists.php",
        "includes/ajax/Playlist_Search_Ajax.php",
        "includes/cli/CLI_Version_Command.php",
        "includes/core/Autoloader.php",
        "includes/core/Plugin.php",
        "includes/core/Roles.php",
        "includes/core/Services.php",
        "includes/data/Mock_Data.php",
        "includes/helpers/functions.php",
        "includes/providers/ProviderInterface.php",
        "includes/providers/Spotify_Provider.php",
        "includes/rest/ContactsEndpoint.php",
        "includes/shortcodes/DashboardShortcode.php",
        "languages/tunebridge.pot",
        "readme.txt",
        "templates/contacts/list.php",
        "templates/contacts/meta-box.php",
        "templates/dashboard.php",
        "tools/class-cli.php",
        "tunebridge.php",
        "uninstall.php"
    ],
    "notes": [
        "Resumed from snapshot 1.0.9",
        "Cleaned up __MACOSX files",
        "Verified directory and file match with uploaded version"
    ]
}